heyheyhet,25,fjerkhfe,fkrlj
hihihi,23,avss,dghdgker
heyheyhet,25,fjerkhfe,fkrlj
hihihi,23,avss,dghdgker
heyheyhet,25,fjerkhfe,fkrlj
hihihi,23,avss,dghdgker
heyheyhet,25,fjerkhfe,fkrlj
hihihi,23,avss,dghdgker
heyheyhet,25,fjerkhfe,fkrlj
hihihi,23,avss,dghdgker
heyheyhet,25,fjerkhfe,fkrlj
hihihi,23,avss,dghdgker
heyheyhet,25,fjerkhfe,fkrlj
hihihi,23,avss,dghdgker
heyheyhet,25,fjerkhfe,fkrlj
hihihi,23,avss,dghdgker
heyheyhet,25,fjerkhfe,fkrlj
hihihi,23,avss,dghdgker
heyheyhet,25,fjerkhfe,fkrlj
hihihi,23,avss,dghdgker
heyheyhet,25,fjerkhfe,fkrlj
hihihi,23,avss,dghdgker
heyheyhet,25,fjerkhfe,fkrlj
hihihi,23,avss,dghdgker
heyheyhet,25,fjerkhfe,fkrlj
hihihi,23,avss,dghdgker
heyheyhet,25,fjerkhfe,fkrlj
hihihi,23,avss,dghdgker
heyheyhet,25,fjerkhfe,fkrlj
hihihi,23,avss,dghdgker
heyheyhet,25,fjerkhfe,fkrlj
hihihi,23,avss,dghdgker
heyheyhet,25,fjerkhfe,fkrlj
hihihi,23,avss,dghdgker
heyheyhet,25,fjerkhfe,fkrlj
hihihi,23,avss,dghdgker
heyheyhet,25,fjerkhfe,fkrlj
hihihi,23,avss,dghdgker
heyheyhet,25,fjerkhfe,fkrlj
hihihi,23,avss,dghdgker
heyheyhet,25,fjerkhfe,fkrlj
hihihi,23,avss,dghdgker
heyheyhet,25,fjerkhfe,fkrlj
hihihi,23,avss,dghdgker
heyheyhet,25,fjerkhfe,fkrlj
hihihi,23,avss,dghdgker
heyheyhet,25,fjerkhfe,fkrlj
hihihi,23,avss,dghdgker
heyheyhet,25,fjerkhfe,fkrlj
hihihi,23,avss,dghdgker
heyheyhet,25,fjerkhfe,fkrlj
hihihi,23,avss,dghdgker
heyheyhet,25,fjerkhfe,fkrlj
hihihi,23,avss,dghdgker
heyheyhet,25,fjerkhfe,fkrlj
hihihi,23,avss,dghdgker